asset,destination,usage,rights,alt_text_state,bytes,state
"/images/articles/2026-game-design-benchmarks.png","/professional/articles/[slug]","article hero","Owned editorial content","authored in route/content model","1746824","present"
"/images/articles/ai-in-ux-design.png","/professional/articles/[slug]","article hero","Owned editorial content","authored in route/content model","1734756","present"
"/images/articles/arc-raiders-a-player-experience-review.jpg","/professional/articles/[slug]","article hero","Owned editorial content","authored in route/content model","93800","present"
"/images/articles/artificial-intelligence-2023-q1-cryptic-insights.png","/professional/articles/[slug]","article hero","Owned editorial content","authored in route/content model","1024130","present"
"/images/articles/holistic-ux-design-systems-thinking.png","/professional/articles/[slug]","article hero","Owned editorial content","authored in route/content model","1897004","present"
"/images/articles/how-to-conduct-a-ux-audit.png","/professional/articles/[slug]","article hero","Owned editorial content","authored in route/content model","1753798","present"
"/images/articles/owning-the-stack-post-generative-creative-economy.png","/professional/articles/[slug]","article hero","Owned editorial content","authored in route/content model","2366406","present"
"/images/articles/scalable-ui-systems-design-tokens-components.png","/professional/articles/[slug]","article hero","Owned editorial content","authored in route/content model","1964292","present"
"/images/articles/shaping-the-universe.png","/professional/articles/[slug]","article hero","Owned editorial content","authored in route/content model","1374620","present"
"/images/articles/video-games-2023-q1-cryptic-insights.png","/professional/articles/[slug]","article hero","Owned editorial content","authored in route/content model","1822950","present"
"/images/articles/when-tools-begin-to-decide.png","/professional/articles/[slug]","article hero","Owned editorial content","authored in route/content model","765072","present"
"/images/case-studies/humankind-attack.jpg","/professional/case-studies","case-study proof/gallery","Approved client/founder portfolio evidence","authored in route/content model","278502","present"
"/images/case-studies/humankind-battle.jpg","/professional/case-studies","case-study proof/gallery","Approved client/founder portfolio evidence","authored in route/content model","275033","present"
"/images/case-studies/humankind-contender.jpg","/professional/case-studies","case-study proof/gallery","Approved client/founder portfolio evidence","authored in route/content model","268528","present"
"/images/case-studies/humankind-deployment.jpg","/professional/case-studies","case-study proof/gallery","Approved client/founder portfolio evidence","authored in route/content model","265387","present"
"/images/case-studies/humankind-hero.jpg","/professional/case-studies","case-study proof/gallery","Approved client/founder portfolio evidence","authored in route/content model","90874","present"
"/images/case-studies/humankind-opponent.jpg","/professional/case-studies","case-study proof/gallery","Approved client/founder portfolio evidence","authored in route/content model","269650","present"
"/images/case-studies/humankind-turnend.jpg","/professional/case-studies","case-study proof/gallery","Approved client/founder portfolio evidence","authored in route/content model","250186","present"
"/images/case-studies/humankind-turnstart.jpg","/professional/case-studies","case-study proof/gallery","Approved client/founder portfolio evidence","authored in route/content model","261642","present"
"/images/case-studies/humankind-unitresults.jpg","/professional/case-studies","case-study proof/gallery","Approved client/founder portfolio evidence","authored in route/content model","264567","present"
"/images/case-studies/humankind-unitturn.jpg","/professional/case-studies","case-study proof/gallery","Approved client/founder portfolio evidence","authored in route/content model","273464","present"
"/images/case-studies/humankind-wire-city.jpg","/professional/case-studies","case-study proof/gallery","Approved client/founder portfolio evidence","authored in route/content model","64462","present"
"/images/case-studies/humankind-wire-pop.jpg","/professional/case-studies","case-study proof/gallery","Approved client/founder portfolio evidence","authored in route/content model","67815","present"
"/images/case-studies/risetopower-base.jpg","/professional/case-studies","case-study proof/gallery","Approved client/founder portfolio evidence","authored in route/content model","311630","present"
"/images/case-studies/risetopower-buildmenu.jpg","/professional/case-studies","case-study proof/gallery","Approved client/founder portfolio evidence","authored in route/content model","272541","present"
"/images/case-studies/risetopower-city.jpg","/professional/case-studies","case-study proof/gallery","Approved client/founder portfolio evidence","authored in route/content model","289807","present"
"/images/case-studies/risetopower-destroyer.jpg","/professional/case-studies","case-study proof/gallery","Approved client/founder portfolio evidence","authored in route/content model","263982","present"
"/images/case-studies/risetopower-guild.jpg","/professional/case-studies","case-study proof/gallery","Approved client/founder portfolio evidence","authored in route/content model","250965","present"
"/images/case-studies/risetopower-hero.jpg","/professional/case-studies","case-study proof/gallery","Approved client/founder portfolio evidence","authored in route/content model","304250","present"
"/images/case-studies/risetopower-popup.jpg","/professional/case-studies","case-study proof/gallery","Approved client/founder portfolio evidence","authored in route/content model","145899","present"
"/images/case-studies/risetopower-sector.jpg","/professional/case-studies","case-study proof/gallery","Approved client/founder portfolio evidence","authored in route/content model","173109","present"
"/images/case-studies/risetopower-shipyard.jpg","/professional/case-studies","case-study proof/gallery","Approved client/founder portfolio evidence","authored in route/content model","252071","present"
"/images/case-studies/risetopower-shipyard2.jpg","/professional/case-studies","case-study proof/gallery","Approved client/founder portfolio evidence","authored in route/content model","275891","present"
"/images/case-studies/risetopower-terrain.jpg","/professional/case-studies","case-study proof/gallery","Approved client/founder portfolio evidence","authored in route/content model","293475","present"
"/images/case-studies/wellsky-buttons.jpg","/professional/case-studies","case-study proof/gallery","Approved client/founder portfolio evidence","authored in route/content model","77807","present"
"/images/case-studies/wellsky-color.jpg","/professional/case-studies","case-study proof/gallery","Approved client/founder portfolio evidence","authored in route/content model","126700","present"
"/images/case-studies/wellsky-dashboard.jpg","/professional/case-studies","case-study proof/gallery","Approved client/founder portfolio evidence","authored in route/content model","56898","present"
"/images/case-studies/wellsky-foundations.jpg","/professional/case-studies","case-study proof/gallery","Approved client/founder portfolio evidence","authored in route/content model","72390","present"
"/images/case-studies/wellsky-hero.jpg","/professional/case-studies","case-study proof/gallery","Approved client/founder portfolio evidence","authored in route/content model","76825","present"
"/images/case-studies/wellsky-material.jpg","/professional/case-studies","case-study proof/gallery","Approved client/founder portfolio evidence","authored in route/content model","84067","present"
"/images/case-studies/wellsky-nav-menu.jpg","/professional/case-studies","case-study proof/gallery","Approved client/founder portfolio evidence","authored in route/content model","67081","present"
"/images/case-studies/wellsky-navdesktop.jpg","/professional/case-studies","case-study proof/gallery","Approved client/founder portfolio evidence","authored in route/content model","93460","present"
"/images/case-studies/wellsky-navigation.jpg","/professional/case-studies","case-study proof/gallery","Approved client/founder portfolio evidence","authored in route/content model","83048","present"
"/images/case-studies/wellsky-search.jpg","/professional/case-studies","case-study proof/gallery","Approved client/founder portfolio evidence","authored in route/content model","70871","present"
"/images/case-studies/wellsky-testing.jpg","/professional/case-studies","case-study proof/gallery","Approved client/founder portfolio evidence","authored in route/content model","64069","present"
"/images/case-studies/winreality-cards.png","/professional/case-studies","case-study proof/gallery","Approved client/founder portfolio evidence","authored in route/content model","170278","present"
"/images/case-studies/winreality-components.png","/professional/case-studies","case-study proof/gallery","Approved client/founder portfolio evidence","authored in route/content model","252521","present"
"/images/case-studies/winreality-drills.png","/professional/case-studies","case-study proof/gallery","Approved client/founder portfolio evidence","authored in route/content model","395539","present"
"/images/case-studies/winreality-grid.png","/professional/case-studies","case-study proof/gallery","Approved client/founder portfolio evidence","authored in route/content model","12430","present"
"/images/case-studies/winreality-hero.jpg","/professional/case-studies","case-study proof/gallery","Approved client/founder portfolio evidence","authored in route/content model","79696","present"
"/images/case-studies/winreality-login.png","/professional/case-studies","case-study proof/gallery","Approved client/founder portfolio evidence","authored in route/content model","318163","present"
"/images/case-studies/winreality-logo.jpg","/professional/case-studies","case-study proof/gallery","Approved client/founder portfolio evidence","authored in route/content model","3968","present"
"/images/case-studies/winreality-profile.png","/professional/case-studies","case-study proof/gallery","Approved client/founder portfolio evidence","authored in route/content model","365972","present"
"/images/professional-case.png","/professional","Professional landing/supporting art","Owned brand content","authored in route/content model","708768","present"
"/images/professional-hero.png","/professional","Professional landing/supporting art","Owned brand content","authored in route/content model","729481","present"
"/images/singularis.png","/professional","Professional landing/supporting art","Owned brand content","authored in route/content model","72422","present"